{
    "movies": [
    {
        "movieId": "1234",
        "title": "Avengers",
        "year": 2012,
        "url": "https://freepngimg.com/thumb/avengers/5-2-avengers-png-picture.png",
        "price": 100,
        "description":"intrepid action drama suspense The movis is one of the best"
    },
    {
        "movieId": "A124",
        "title": "The Last Airbender",
        "year": 2005,
        "url": "https://freepngimg.com/save/37589-aang-transparent-background/480x486",
        "price": 50,
        "description":"love fantasy action The movie is one of the best"
    },
    {
        "movieId": "76788",
        "title": "The Iron Giant",
        "year": 1999,
        "url": "https://upload.wikimedia.org/wikipedia/en/thumb/d/d3/The_Iron_Giant_poster.JPG/220px-The_Iron_Giant_poster.JPG",
        "price": 120,
        "description":"love fantasy hero rural area town militar The movie is one of the best"
    },
    {
        "movieId": "BB124",
        "title": "Mulan",
        "year": 1998,
        "url": "https://freepngimg.com/thumb/disney/113364-picture-mulan-disney-free-photo.png",
        "price": 85,
        "description":"love fantasy hero china emperor"
    }]
}